city,html_file,file_size,has_infobox,paragraphs,headings,tables,links,first_paragraph
Abrud,abrud.html,170665,False,41,18,7,366,"Abrud (în maghiară Abrudbánya, în germană Großschlatten, Grossschlatten, Altenburg, în latină Colonia Auraria Maior) este un oraș în județul Alba, Tra"
Adjud,adjud.html,179199,False,43,12,6,397,"Adjud (în trecut, Adjudu Nou, în maghiară Egyedhalma) este un municipiu în județul Vrancea, Moldova, România, format din localitățile componente Adjud"
Agnita,agnita.html,163733,False,36,13,6,331,"Agnita (în germană Agnetheln, în maghiară Szentágota, în traducere „Sfânta Agata”, alternativ Szászágota, „Agata Săsească”, colocvial Ágota) este un o"
Aiud,aiud.html,198626,False,44,13,7,578,"Aiud (în maghiară Enyed, Nagyenyed, în dialectul săsesc Änjet, Angetn, Stroßbrich, în germană Straßburg am Mieresch, în latină Brucla) este un municip"
Alba Iulia,alba_iulia.html,353378,False,80,23,11,1066,"Alba Iulia, în slavona veche Bălgrad, (în maghiară Gyulafehérvár, în traducere: Cetatea Albă a lui Iuliu, în latina medievală Albensis Transsilvane, î"
Alexandria,alexandria.html,1407,False,0,0,0,0,
Aleșd,aleșd.html,168408,False,47,15,7,399,"Aleșd (în maghiară Élesd) este un oraș în județul Bihor, Crișana, România, format din localitățile componente Aleșd (reședința), Pădurea Neagră, Pești"
Amara,amara.html,221589,False,70,29,10,634,"Amara este un oraș în județul Ialomița, Muntenia, România, format din localitatea componentă Amara (reședința), și din satul Amara Nouă.[2] Se află în"
Anina,anina.html,141528,False,32,11,6,278,"Anina (germană Steierdorf, maghiară Stájerlakanina) este un oraș în județul Caraș-Severin, Banat, România, format din localitățile componente Anina (r"
Aninoasa,aninoasa.html,123406,False,29,16,6,216,"Aninoasa (în maghiară Aninósza) este un oraș în județul Hunedoara, Transilvania, România, format din localitatea componentă Aninoasa (reședința), și d"
Arad,arad.html,439922,False,118,38,18,1214,"Arad (în maghiară Arad, sârbă Арад/Arad, germană Arad) este municipiul de reședință al județului cu același nume, la limita între regiunile istorice B"
Ardud,ardud.html,117424,False,33,7,4,254,"Ardud (în maghiară Erdőd, în trad. Pădureni; în germană Erdeed) este un oraș în județul Satu Mare, Transilvania, România, format din localitățile comp"
Avrig,avrig.html,444804,False,39,13,50,1430,"Avrig (în dialectul săsesc Frek, Fraek, în germană Freck, Fryk, în maghiară Felek) este un oraș în județul Sibiu, Transilvania, România, format din lo"
Azuga,azuga.html,166513,False,41,11,8,408,"Azuga (în trecut, Între Prahove) este un oraș în județul Prahova, Muntenia, România.[2] Localitatea este situată pe Valea Prahovei, la confluența cu r"
Babadag,babadag.html,120431,False,32,13,5,220,"Babadag (în turcă Babadağ, în trecut și Babatag) este un oraș în județul Tulcea, Dobrogea, România.[3]"
Bacău,bacău.html,417828,False,112,48,16,1178,"Bacău (pronunțieⓘ, în maghiară Bákó, supranumit și „orașul lui Bacovia”)[3] este municipiul de reședință al județului cu același nume, Moldova, Români"
Baia De Aramă,baia_de_aramă.html,144774,False,27,11,6,265,"Baia de Aramă este un oraș în județul Mehedinți, Oltenia, România, format din localitatea componentă Baia de Aramă (reședința), și din satele Bratilov"
Baia De Arieș,baia_de_arieș.html,139402,False,29,12,6,297,"Baia de Arieș, în trecut Ofenbaia, Baia (în maghiară Aranyosbánya, Offenbánya, Kupecbánya, în dialectul săsesc Offera, în germană Offenburg, Umberg, O"
Baia Mare,baia_mare.html,442066,False,99,43,9,1016,"Baia Mare (în maghiară Nagybánya, în germană Frauenbach, în latină Civitas Rivulus Dominarum) este municipiul de reședință al județului Maramureș, Tra"
Baia Sprie,baia_sprie.html,174916,False,58,13,6,353,"Baia Sprie (în maghiară Felsőbánya, în trad. Baia de Sus, în germană Mittelstadt) este un oraș în județul Maramureș, Transilvania, România, format din"
Balș,balș.html,171455,False,85,20,6,398,"Balș este un oraș în județul Olt, Oltenia, România, format din localitățile componente Balș (reședința), Corbeni și Româna, și din satul Teiș.[3] Balș"
Baraolt,baraolt.html,111981,False,28,12,4,214,"Baraolt (în maghiară Barót, în germană Boralth) este un oraș în județul Covasna, Transilvania, România, format din localitatea componentă Baraolt (reș"
Bechet,bechet.html,147611,False,28,11,6,435,"Bechet este un oraș în județul Dolj, Oltenia, România.[2] Este situat în sudul județului, fiind unul dintre cele două porturi dunărene ale județului D"
Beclean,beclean.html,165418,False,43,18,5,314,"Beclean, cunoscut și ca Beclean pe Someș, (în maghiară Bethlen, în germană Bethlen) este un oraș în județul Bistrița-Năsăud, Transilvania, România, fo"
Beiuș,beiuș.html,167380,False,57,21,6,342,"Beiuș (în maghiară Belényes, în germană Binsch) este un municipiu în județul Bihor, Crișana, România, format din localitățile componente Beiuș (reședi"
Berbești,berbești.html,157716,False,35,12,5,317,"Berbești este un oraș în județul Vâlcea, Oltenia, România, format din localitățile componente Berbești (reședința), Dămțeni, Dealu Aluniș, Roșioara, T"
Berești,berești.html,103870,False,26,10,4,175,"Berești este un oraș în județul Galați, Moldova, România.[2] Are o populație de 2.916 locuitori. Așezarea datează încă din paleolitic, pe teritoriul o"
Bicaz,bicaz.html,147187,False,28,12,4,302,"Bicaz (în maghiară Békás) este un oraș în județul Neamț, Moldova, România, format din localitățile componente Bicaz (reședința), Capșa, Dodeni și Izvo"
Bistrița,bistrița.html,399761,False,67,15,14,904,"Bistrița (în germană Bistritz, formă arhaică Nösen; în maghiară Beszterce; în dialectul săsesc Nîsner-Bistritz, Nîzn, Bästerts, Bîsterts, Bistriz)[2] "
Blaj,blaj.html,213323,False,44,16,7,556,"Blaj (în germană Blasendorf, în maghiară Balázsfalva, în dialectul săsesc din zonă: Bluesendref)[3] este un municipiu în județul Alba, Transilvania, R"
Bocșa,bocșa.html,161355,False,39,26,8,354,"Bocșa este un oraș în județul Caraș-Severin, Banat, România.[2] Are o populație de 16.911 locuitori. La Bocșa s-a prelucrat metalul în furnale înainte"
Boldești-Scăeni,boldești-scăeni.html,192107,False,35,13,6,339,"Boldești-Scăeni (scris uneori și Boldești-Scăieni) este un oraș în județul Prahova, Muntenia, România, format din localitățile componente Boldești-Scă"
Bolintin-Vale,bolintin-vale.html,119821,False,27,8,3,237,"Bolintin-Vale (în trecut, Bolintinu din Vale sau Moșneni-Drăgoiu) este un oraș în județul Giurgiu, Muntenia, România, format din localitatea component"
Borsec,borsec.html,215443,False,63,16,11,512,"Borsec (maghiară: Borszék, germană: Bad Borseck) este un oraș în județul Harghita, Transilvania, România.[3] Are o populație de 2.585 locuitori, cu o "
Borșa,borșa.html,219900,False,112,30,9,378,"Borșa (în maghiară Borsa, în germană Borscha) este un oraș în județul Maramureș, Transilvania, România, format din localitățile componente Băile Borșa"
Botoșani,botoșani.html,242208,False,71,28,9,622,"Botoșani este municipiul de reședință al județului cu același nume, Moldova, România.[2]
Se află în Câmpia Jijiei, la o altitudine de 170 m deasupra n"
Brad,brad.html,44518,False,10,4,5,124,"Bradul (Abies) este un gen de copaci care cuprinde aproximativ 45–55 de specii de conifere din familia Pinaceae, răspândite preponderent în zonele mun"
Bragadiru,bragadiru.html,114501,False,27,8,5,210,"Bragadiru este un oraș în județul Ilfov, Muntenia, România.[5] Localitatea se află în vecinătatea sud-vestică a municipiului București, la ieșirea căt"
Brașov,brașov.html,754535,False,179,45,63,2771,
Breaza,breaza.html,313922,False,60,21,7,833,"Breaza este un oraș în județul Prahova, Muntenia, România, format din localitățile componente Breaza de Jos (reședința), Breaza de Sus, Frăsinet, Gura"
Brezoi,brezoi.html,128285,False,39,9,5,312,"Brezoi este un oraș în județul Vâlcea, Oltenia, România, format din localitatea componentă Brezoi (reședința), și din satele Călinești, Corbu, Drăgăne"
Broșteni,broșteni.html,118193,False,36,15,4,316,"Broșteni este un oraș în județul Suceava, Moldova, România, format din localitățile componente Broșteni (reședința), Hăleasa, Lungeni și Neagra, și di"
Brăila,brăila.html,421055,False,112,39,19,1318,"Brăila (în bulgară Браила, în turcă Ibrail) este municipiul de reședință al județului cu același nume, Muntenia, România.[3]"
Bucecea,bucecea.html,102119,False,27,10,5,214,"Bucecea este un oraș în județul Botoșani, Moldova, România, format din localitățile componente Bucecea (reședința) și Călinești, și din satul Bohoghin"
București,bucurești.html,1147320,True,164,64,47,2545,
Budești,budești.html,146187,False,28,9,3,270,"Budești este un oraș în județul Călărași, Muntenia, România, format din localitatea componentă Budești (reședința), și din satele Aprozi, Buciumeni și"
Buftea,buftea.html,152512,False,42,9,7,317,"Buftea este un oraș în județul Ilfov, Muntenia, România, format din localitatea componentă Buftea (reședința), și din satul Buciumeni.[4] Localitatea "
Buhuși,buhuși.html,343795,False,87,14,4,673,"Buhuși (în idiș באהוש, în ebraică בוחוש, transliterat: Bohush, în maghiară Buhus) este un oraș în județul Bacău, Moldova, România, format din localită"
Bumbești-Jiu,bumbești-jiu.html,109186,False,28,9,4,206,"Bumbești-Jiu este un oraș în județul Gorj, Oltenia, România, format din localitatea componentă Bumbești-Jiu (reședința), și din satele Curtișoara, Lăz"
Buziaș,buziaș.html,335413,False,57,23,15,1052,"Buziaș (în maghiară Buziásfürdő, în germană Busiasch, în sârbă Бузјаш), cunoscut și ca Băile Buziaș sau Buziaș-Băi, este un oraș în județul Timiș, Ban"
Buzău,buzău.html,651911,False,109,28,10,1352,"Buzău este municipiul de reședință al județului cu același nume, Muntenia, România.[3]
Având 103.481 de locuitori la recensământul din 2021,[4] este a"
Bușteni,bușteni.html,191308,False,44,12,9,449,"Bușteni este un oraș în județul Prahova, Muntenia, România, format din localitățile componente Bușteni (reședința) și Poiana Țapului.[3] Localitatea e"
Bârlad,bârlad.html,223499,False,48,21,7,622,"Bârlad este un municipiu în județul Vaslui, Moldova, România.[2] Bârlad este localizat în estul țării, în regiunea Moldova. Până la instaurarea regimu"
Băbeni,băbeni.html,99144,False,24,7,4,224,"Băbeni este un oraș în județul Vâlcea, Oltenia, România, format din localitatea componentă Băbeni (reședința), și din satele Bonciu, Capu Dealului, Pă"
Băicoi,băicoi.html,159042,False,40,15,6,327,"Băicoi este un oraș în județul Prahova, Muntenia, România, format din localitățile componente Băicoi (reședința), Dâmbu, Liliești, Schela, Tufeni și Ț"
Băile Govora,băile_govora.html,140491,False,31,8,9,311,"Băile Govora (simplu Govora) este un oraș în județul Vâlcea, Oltenia, România, format din localitățile componente Curăturile, Gătejești și Prajila (re"
Băile Herculane,băile_herculane.html,215092,False,36,10,10,524,"Băile Herculane (în latină Aqua Herculis, în germană Herkulesbad, în maghiară Herkulesfürdő) este un oraș în județul Caraș-Severin, Banat, România, fo"
Băile Olănești,băile_olănești.html,161528,False,34,9,10,380,"Băile Olănești este un oraș în județul Vâlcea, Oltenia, România, format din localitățile componente Cheia, Comanca, Gurguiata, Livadia (reședința), Mo"
Băile Tușnad,băile_tușnad.html,148810,False,29,21,13,326,"Băile Tușnad (în maghiară Tusnádfürdő) este un oraș în județul Harghita, Transilvania, România, format din localitățile componente Băile Tușnad (reșed"
Băilești,băilești.html,140555,False,40,10,6,321,"Băilești este un municipiu în județul Dolj, Oltenia, România, format din localitățile componente Balasan și Băilești (reședința).[2] În anul 2011 avea"
Bălan,bălan.html,124694,False,41,13,4,202,"Bălan (în maghiară Balánbánya, în germană Kupferbergwerk) este un oraș în județul Harghita, Transilvania, România.[2] Are o populație de 6.115 locuito"
Bălcești,bălcești.html,100158,False,26,8,3,249,"Bălcești este un oraș în județul Vâlcea, Oltenia, România, format din localitatea componentă Bălcești (reședința), și din satele Benești, Cârlogani, C"
Cajvana,cajvana.html,141892,False,53,16,4,319,"Cajvana (în germană Keszwana/Keschwana,[necesită citare] în ucraineană Кажване, transliterat: Kajvane[necesită citare]) este un oraș în județul Suceav"
Calafat,calafat.html,275437,False,41,24,11,797,"Calafat este un municipiu în județul Dolj, Oltenia, România, format din localitatea componentă Calafat (reședința), și din satele Basarabi, Ciuperceni"
Caracal,caracal.html,251925,False,179,47,8,623,"Caracal este un municipiu în județul Olt, Oltenia, România.[2] Este fosta reședință a județului Romanați. Teritoriul administrativ al municipiului are"
Caransebeș,caransebeș.html,175049,False,36,14,6,355,"Caransebeș este un municipiu în județul Caraș-Severin, Banat, România, format din localitatea componentă Caransebeș (reședința), și din satul Jupa.[3]"
Carei,carei.html,187958,False,53,22,7,380,"Carei, mai demult Careii Mari, (în maghiară Nagykároly, în germană Großkarol) este un municipiu în județul Satu Mare, Transilvania, România, format di"
Cavnic,cavnic.html,121297,False,30,12,4,244,"Cavnic (numit local și Capnic, maghiară Kapnikbánya, germană Kapnik) este un oraș în județul Maramureș, Transilvania, România.[2] Conform recensământu"
Cehu Silvaniei,cehu_silvaniei.html,199038,False,31,11,7,564,"Cehu Silvaniei (în maghiară Szilágycseh, în germană Bömischdorf) este un oraș în județul Sălaj, Transilvania, România, format din localitatea componen"
Cernavodă,cernavodă.html,217542,False,26,14,8,645,"Cernavodă (în antichitate: Axiopolis (greacă: Ἀξιούπολις), bulgară: Черна вода (Cerna voda), turcă: Boğazköy) este un oraș în județul Constanța, Dobro"
Chitila,chitila.html,125452,False,36,6,6,297,"Chitila (în trecut și Zalhanaua lui Papazolu) este un oraș în județul Ilfov, Muntenia, România, format din localitățile componente Chitila (reședința)"
Chișineu-Criș,chișineu-criș.html,119745,False,38,12,4,260,"Chișineu-Criș (în maghiară Kisjenő, în trad. Ineul Mic) este un oraș în județul Arad, Crișana, România, format din localitatea componentă Chișineu-Cri"
Ciacova,ciacova.html,191158,False,76,23,10,479,"Ciacova (în maghiară Csák, Csákova, în germană Tschakowa, în sârbă Čakovo, cu alfabetul chirilic: Чаковo) este un oraș în județul Timiș, Banat, Români"
Cisnădie,cisnădie.html,357523,False,45,14,47,1179,"Cisnădie (denumire veche Cisnădia Mare, denumiri în dialectul săsesc De Hielt, Hilt și Helt, în germană Heltau, în maghiară Nagydisznód, Disznód) este"
Cluj-Napoca,cluj-napoca.html,2223149,False,197,85,26,4874,"Cluj-Napoca, numit doar Cluj până în 1974 și în limbajul cotidian, (în latină Claudiopolis, maghiară Kolozsvár, în germană Klausenburg, în dialectul s"
Codlea,codlea.html,417856,False,43,13,46,1396,"Codlea (în dialectul săsesc Zäöeden, în germană Zeiden, în maghiară Feketehalom, în latină Cidium) este un municipiu în județul Brașov, Transilvania, "
Comarnic,comarnic.html,169239,False,39,11,6,410,"Comarnic este un oraș în județul Prahova, Muntenia, România, format din localitățile componente Comarnic (reședința), Ghioșești, Podu Lung, Poiana și "
Comănești,comănești.html,151798,False,39,13,4,301,"Comănești (în maghiară Kománfalva) este un oraș în județul Bacău, Moldova, România, format din localitățile componente Comănești (reședința), Podei și"
Constanța,constanța.html,527332,False,104,40,14,1291,"Constanța (limba greacă veche: Tόμις - Tomis, latină: Tomis Constantiana, limba greacă Κωνστάντζα - Konstandza, limba tătară crimeeană Qöstence, limba"
Copșa Mică,copșa_mică.html,351156,False,59,17,46,1113,"Copșa Mică (în maghiară Kiskapus, în traducere „Poarta Mică”, în dialectul săsesc Klîkôpeš, Kopeš, Kli-Kopesch, în germană Klein-Kopisch, Kleinkopisch"
Corabia,corabia.html,178685,False,47,13,7,519,"Corabia este un oraș în județul Olt, Oltenia, România, format din localitățile componente Corabia (reședința) și Tudor Vladimirescu, și din satul Vârt"
Costești,costești.html,1408,False,0,0,0,0,
Covasna,covasna.html,151320,False,32,14,10,332,"Covasna (maghiară Kovászna, în germană Kovasna) este un oraș în județul Covasna, Transilvania, România, format din localitățile componente Chiuruș și "
Craiova,craiova.html,355571,False,141,48,13,1069,"Craiova este municipiul de reședință al județului Dolj, Oltenia, România, format din localitățile componente Craiova (reședința), Făcăi, Mofleni, Popo"
Cristuru Secuiesc,cristuru_secuiesc.html,151260,False,35,15,5,293,"Cristuru Secuiesc (în maghiară Székelykeresztúr, în germană Kreuz, în dialectul săsesc Ängersch-Kretz, în trad. ""Cristuru Unguresc"") este un oraș în j"
Cugir,cugir.html,181555,False,36,15,7,448,"Cugir, mai demult Cudgir (în maghiară Kudzsir, în germană Kudsir, Kudschir, Kuschir) este un oraș în județul Alba, Transilvania, România, format din l"
Curtea De Argeș,curtea_de_argeș.html,243320,False,50,21,5,577,"Curtea de Argeș este un municipiu în județul Argeș, Muntenia, România, format din localitățile componente Curtea de Argeș (reședința) și Noapteș.[4]"
Curtici,curtici.html,113393,False,32,8,4,214,"Curtici (în anii 1930–1940 Decebal; în maghiară Kürtös) este un oraș în județul Arad, Crișana, România.[2] Se află la o distanță de 17 km față de muni"
Câmpeni,câmpeni.html,197339,False,33,12,9,494,"Câmpeni (în maghiară Topánfalva, în germană Topesdorf) este un oraș în județul Alba, Transilvania, România, format din localitățile componente Bonceșt"
Câmpia Turzii,câmpia_turzii.html,382666,False,58,27,14,1113,"Câmpia Turzii (în maghiară Aranyosgyéres, în germană Jerischmarkt sau Gieresch) este un municipiu în județul Cluj, Transilvania, România.[4] Se află p"
Câmpina,câmpina.html,191793,False,39,18,7,429,"Câmpina este un municipiu în județul Prahova, Muntenia, România.[3] În 2002 avea o populație de 38.789 locuitori. În 2011 populația a scăzut la 32.935"
Câmpulung,câmpulung.html,222390,False,41,13,6,475,"Câmpulung (în germană Langenau, latină Longuscampus, Longo-Campo sau Longocampo)[3][4] sau Câmpulung Muscel este un municipiu în județul Argeș, Munten"
Câmpulung Moldovenesc,câmpulung_moldovenesc.html,241959,False,84,23,5,563,"Câmpulung Moldovenesc (până în 1950 Câmpulung, uneori Câmpulung-Bucovina, în germană Kimpolung sau Kimpulung) este un municipiu în județul Suceava, Bu"
Călan,călan.html,146406,False,37,10,6,288,"Călan (în germană Klandorf, în maghiară Kalán sau Pusztakalán) este un oraș în județul Hunedoara, Transilvania, România, format din localitățile compo"
Călimănești,călimănești.html,196874,False,51,10,12,518,"Călimănești este un oraș în județul Vâlcea, Oltenia, România, format din localitățile componente Căciulata, Călimănești (reședința), Jiblea Nouă, Jibl"
Călărași,călărași.html,411463,False,148,49,15,1006,"Călărași (în trecut, Lichirești[2] și, temporar, Știrbeiu[necesită citare]) este municipiul de reședință al județului cu același nume, Muntenia, Român"
Căzănești,căzănești.html,106734,False,26,8,4,201,"Căzănești este un oraș în județul Ialomița, Muntenia, România.[2]"
Darabani,darabani.html,162077,False,46,26,6,334,"Darabani este un oraș în județul Botoșani, Moldova, România, format din localitatea componentă Darabani (reședința), și din satele Bajura, Eșanca și L"
Dej,dej.html,240705,False,59,14,11,565,"Dej (în germană Desch, Deesch, Burglos, în maghiară Dés, Deés) este un municipiu în județul Cluj, Transilvania, România, format din localitățile compo"
Deta,deta.html,157591,False,90,19,8,345,"Deta (în maghiară Detta, în germană Detta) este un oraș în județul Timiș, Banat, România, format din localitatea componentă Deta (reședința), și din s"
Deva,deva.html,263793,False,64,20,9,661,"Deva (în maghiară Déva, în germană Diemrich) este municipiul de reședință al județului Hunedoara, Transilvania, România, format din localitățile compo"
Dolhasca,dolhasca.html,128015,False,32,12,5,295,"Dolhasca este un oraș în județul Suceava, Moldova, România, format din localitatea componentă Dolhasca (reședința), și din satele Budeni, Gulia, Poian"
Dorohoi,dorohoi.html,176093,False,45,21,6,375,"Dorohoi este un municipiu în județul Botoșani, Moldova, România, format din localitățile componente Dealu Mare, Dorohoi (reședința), Loturi Enescu și "
Dragomirești,dragomirești.html,100946,False,22,11,4,202,"Dragomirești (în maghiară Dragomérfalva, în germană Dragomir) este un oraș în județul Maramureș, Transilvania, România.[2]"
Drobeta-Turnu Severin,drobeta-turnu_severin.html,456498,False,128,37,14,1670,"Drobeta-Turnu Severin (denumire până în 1972: Turnu Severin, în maghiară Szörényvár sau Szörénytornya, în germană Turm Severin) este municipiul de reș"
Drăgănești-Olt,drăgănești-olt.html,121904,False,40,7,5,225,"Drăgănești-Olt este un oraș în județul Olt, Muntenia, România, format din localitatea componentă Drăgănești-Olt (reședința), și din satul Comani.[2] E"
Drăgășani,drăgășani.html,170584,False,52,19,6,407,"Drăgășani este un municipiu în județul Vâlcea, Oltenia, România, format din localitățile componente Drăgășani (reședința), Valea Caselor, Zărneni și Z"
Dumbrăveni,dumbrăveni.html,215266,False,43,27,7,530,"Dumbrăveni, mai demult Ibașfalău, oficial Elisabetopol, (în dialectul săsesc Eppeschdorf, în germană Elisabethstadt, în maghiară Ebesfalva, Erzsébetvá"
Dăbuleni,dăbuleni.html,113709,False,63,13,5,251,"Dăbuleni este un oraș în județul Dolj, Oltenia, România, format din localitatea componentă Dăbuleni (reședința), și din satul Chiașu.[2] A fost declar"
Dărmănești,dărmănești.html,158914,False,33,11,5,364,"Dărmănești (în maghiară Dormánfalva) este un oraș în județul Bacău, Moldova, România, format din localitatea componentă Dărmănești (reședința), și din"
Eforie,eforie.html,186356,False,33,13,8,277,"Eforie (anterior numit Carmen Sylva) este un oraș în județul Constanța, Dobrogea, România, format din localitățile componente Eforie Nord și Eforie Su"
Fetești,fetești.html,179771,False,28,9,7,456,"Fetești este un municipiu în județul Ialomița, Muntenia, România, format din localitățile componente Buliga, Fetești (reședința), Fetești-Gară și Vlaș"
Fieni,fieni.html,137739,False,30,11,6,263,"Fieni este un oraș în județul Dâmbovița, Muntenia, România, format din localitatea componentă Fieni (reședința), și din satele Berevoești și Costești."
Fierbinți-Târg,fierbinți-târg.html,119664,False,29,9,3,229,"Fierbinți-Târg (în trecut, Fierbinți-Stroești și Târgu Fierbinți) este un oraș în județul Ialomița, Muntenia, România, format din localitatea componen"
Filiași,filiași.html,129735,False,30,7,4,260,"Filiași este un oraș în județul Dolj, Oltenia, România, format din localitatea componentă Filiași (reședința), și din satele Almăjel, Bâlta, Braniște,"
Flămânzi,flămânzi.html,125328,False,25,12,6,258,"Flămânzi este un oraș în județul Botoșani, Moldova, România, format din localitățile componente Flămânzi (reședința), Nicolae Bălcescu și Poiana, și d"
Focșani,focșani.html,264064,False,72,34,9,793,"Focșani este municipiul de reședință al județului Vrancea, la limita între regiunile istorice Moldova și Muntenia, România, format din localitățile co"
Frasin,frasin.html,29378,True,4,6,2,77,Listă de specii
Fundulea,fundulea.html,137646,False,26,6,4,255,"Fundulea (în trecut, Crângul-Fundulele) este un oraș în județul Călărași, Muntenia, România, format din localitatea componentă Fundulea (reședința), ș"
Făget,făget.html,166223,False,75,20,9,321,"Făget (în maghiară Facsád, în germană Fatschet) este un oraș în județul Timiș, Banat, România, format din localitatea componentă Făget (reședința), și"
Făgăraș,făgăraș.html,363390,False,67,22,11,920,Dacă observați că nu au mai avut loc modificări de 10 zile puteți șterge această etichetă.
Fălticeni,fălticeni.html,225104,False,48,15,9,563,"Fălticeni (germană Foltischeni)[3] este un municipiu în județul Suceava, Moldova, România, format din localitățile componente Fălticeni (reședința), Ș"
Făurei,făurei.html,119386,False,35,12,4,213,"Făurei este un oraș în județul Brăila, Muntenia, România.[3] Are o populație de 3.592 de locuitori (2011). A fost declarat oraș la 17 februarie 1968, "
Galați,galați.html,655976,False,201,78,23,1332,"Galați este municipiul de reședință al județului cu același nume, Moldova, România.[3] Se află în apropiere de frontiera triplă sudică cu Republica Mo"
Geoagiu,geoagiu.html,159294,False,25,10,10,375,"Geoagiu (în maghiară Algyógy, în germană Gergesdorf) este un oraș în județul Hunedoara, Transilvania, România, format din localitatea componentă Geoag"
Gheorgheni,gheorgheni.html,197406,False,33,14,7,484,"Gheorgheni (mai demult Giurgeu-Sânmiclăuș, în maghiară Gyergyószentmiklós, în traducere „Sânnicolau Giurgeului”; în germană Niklasmarkt) este un munic"
Gherla,gherla.html,321946,False,67,25,12,701,"Gherla (în vechi surse: Armenopolis, în maghiară Szamosújvár, în germană Neuschloss, Armenierstadt, Armenerstadt, în armeană Հայաքաղաք - Hayakaghak) e"
Ghimbav,ghimbav.html,358960,False,34,10,47,1242,"Ghimbav (în dialectul săsesc Wedjebich, în germană Weidenbach, în maghiară Vidombák) este un oraș în județul Brașov, Transilvania, România.[4] Are o p"
Giurgiu,giurgiu.html,320377,False,53,13,14,1069,"Giurgiu (în bulgară Гюргево, transliterat: Ghiurghevo, în turcă Yergöğü) este municipiul de reședință al județului cu același nume, Muntenia, România."
Gura Humorului,gura_humorului.html,218208,False,56,17,7,433,"Gura Humorului (în trecut Gura Homorului, în germană și poloneză Gura Humora, cunoscut popular în limba germană și ca Hammerberg, în idiș גורא הומאָרא"
Găești,găești.html,200009,False,60,13,7,484,"Găești este un oraș în județul Dâmbovița, Muntenia, România.[2]"
Gătaia,gătaia.html,110598,False,59,12,5,230,"Gătaia (maghiară Gátalja, germană Gattaja, Gothal, Gatei, sârbă Гатаја, cu alfabetul latin: Gataja) este un oraș în județul Timiș, Banat, România, for"
Hațeg,hațeg.html,191259,False,47,15,7,466,"Hațeg (în maghiară Hátszeg, în germană Hötzing) este un oraș în județul Hunedoara, Transilvania, România, format din localitățile componente Hațeg (re"
Horezu,horezu.html,142780,False,28,9,4,291,"Horezu este un oraș în județul Vâlcea, Oltenia, România, format din localitatea componentă Horezu (reședința), și din satele Ifrimești, Râmești, Roman"
Huedin,huedin.html,320416,False,52,13,20,789,"Huedin (în maghiară Bánffyhunyad, în germană Heynod) este un oraș în județul Cluj, Transilvania, România, format din localitățile componente Bicălatu "
Hunedoara,hunedoara.html,253009,False,57,16,9,612,"Hunedoara (în germană Eisenmarkt, în maghiară Vajdahunyad, în trad. Târgu Fierului) este un municipiu în județul Hunedoara, Transilvania, România, for"
Huși,huși.html,180941,False,38,21,4,446,"Huși (idiș: הוש‎ Huș, maghiară: Huszváros, germană: Hussburg) este un municipiu în județul Vaslui, Moldova, România.[3] Se află aproape de frontiera d"
Hârlău,hârlău.html,144530,False,27,17,5,278,"Hârlău (germană Crolow, latină Civitas Bachloviae) este un oraș în județul Iași, Moldova, România, format din localitatea componentă Hârlău (reședința"
Hârșova,hârșova.html,182049,False,29,10,7,464,"Hârșova (în turcă Hırsova; în rusă Гирсово, transliterat: Ghirsovo; în bulgară Хърсово, transliterat: Hărsovo) este un oraș în județul Constanța, Dobr"
Ianca,ianca.html,146376,False,35,10,5,285,"Ianca este un oraș în județul Brăila, Muntenia, România, format din localitatea componentă Ianca (reședința), și din satele Berlești, Gara Ianca, Opri"
Iași,iași.html,661763,False,136,44,15,1952,
Iernut,iernut.html,241256,False,58,19,6,526,"Iernut, colocvial: Ernot, Iernot (în maghiară: Radnót, în germană: Radnuten) este un oraș în județul Mureș, Transilvania, România, format din localita"
Ineu,ineu.html,122387,False,37,10,4,261,"Ineu (maghiară: Borosjenő; sârbă: Јенопоље; turcă: Yanova) este un oraș în județul Arad, Crișana, România, format din localitatea componentă Ineu (reș"
Isaccea,isaccea.html,174874,False,52,18,6,453,"Isaccea (în turcă İshakçı) este un oraș în județul Tulcea, Dobrogea, România, format din localitățile componente Isaccea (reședința), Revărsarea și Ti"
Jibou,jibou.html,236745,False,49,22,7,402,"Jibou (în maghiară Zsibó, în germană Siben) este un oraș în județul Sălaj, Transilvania, România, format din localitatea componentă Jibou (reședința),"
Jimbolia,jimbolia.html,182104,False,79,25,8,379,"Jimbolia (în germană Hatzfeld, în maghiară Zsombolya, în sârbă Žombolj, cu alfabetul chirilic: Жомбољ, în bulgara bănățeană Džimbolj) este un oraș în "
Lehliu Gară,lehliu_gară.html,144810,False,27,6,4,283,"Lehliu Gară este un oraș în județul Călărași, Muntenia, România, format din localitatea componentă Lehliu Gară (reședința), și din satele Buzoeni, Răz"
Lipova,lipova.html,190229,False,39,12,11,515,"Lipova (în maghiară Lippa, în germană Lippa) este un oraș în județul Arad, Crișana, România, format din localitățile componente Lipova (reședința), Ra"
Liteni,liteni.html,128028,False,49,16,4,334,"Liteni este un oraș în județul Suceava, Moldova, România, format din localitatea componentă Liteni (reședința), și din satele Corni, Roșcani, Rotunda,"
Livada,livada.html,10863,False,1,1,1,49,Livada se poate referi la:
Luduș,luduș.html,201303,False,36,13,6,480,"Luduș este un oraș în județul Mureș, Transilvania, România, format din localitățile componente Avrămești, Cioarga, Ciurgău, Fundătura, Gheja, Luduș (r"
Lugoj,lugoj.html,857348,False,136,25,13,1501,"Lugoj (în maghiară Lugos, în germană Lugosch) este un municipiu în județul Timiș, Banat, România, format din localitatea componentă Lugoj (reședința),"
Lupeni,lupeni.html,120471,False,34,10,5,232,"Lupeni (în germană Schylwolfsbach, în maghiară Lupény, în trad. ""Pârâul Lupului pe Jiu"") este un municipiu în județul Hunedoara, Transilvania, România"
Mangalia,mangalia.html,168118,False,31,11,8,390,"Mangalia (în turcă Mankalya) este un municipiu în județul Constanța, Dobrogea, România, format din localitățile componente Cap Aurora, Jupiter, Mangal"
Marghita,marghita.html,141173,False,42,18,4,286,"Marghita (în maghiară Margitta, în germană Margarethen) este un municipiu în județul Bihor, Crișana, România, format din localitățile componente Cheț,"
Medgidia,medgidia.html,136776,False,28,13,5,330,"Medgidia (turcă: Mecidiye sau Megidie,[2] în trecut Karasu sau Carasu,[3]) este un municipiu în județul Constanța, Dobrogea, România, format din local"
Mediaș,mediaș.html,460497,False,72,24,48,1556,"Mediaș (în latină Media[3] sau Civitas Mediensis[4], în germană Mediasch, în maghiară Medgyes, în dialectul săsesc Medwesch,[5] Medveš sau Meddesch, î"
Miercurea Ciuc,miercurea_ciuc.html,233909,False,39,14,8,708,"Miercurea Ciuc (până în anii 1920 Sereda-Ciucului, în maghiară Csíkszereda, în germană Szeklerburg) este municipiul de reședință al județului Harghita"
Miercurea Nirajului,miercurea_nirajului.html,188033,False,39,18,5,418,"Miercurea Nirajului (în maghiară Nyárádszereda, în germană Sereda) este un oraș în județul Mureș, Transilvania, România, format din localitățile compo"
Miercurea Sibiului,miercurea_sibiului.html,365369,False,44,16,48,1285,"Miercurea Sibiului, mai demult Mercurea, Mercurea Sibiului (în dialectul săsesc Reismuert, în germană Reussmarkt, Reußmarkt, Reissmarkt, în maghiară S"
Mihăilești,mihăilești.html,131167,False,26,6,3,220,"Mihăilești este un oraș în județul Giurgiu, Muntenia, România, format din localitatea componentă Mihăilești (reședința), și din satele Drăgănescu, Nov"
Milișăuți,milișăuți.html,131219,False,49,12,4,271,"Milișăuți (în germană Milleschoutz) este un oraș în județul Suceava, Bucovina, România, format din localitățile componente Bădeuți și Milișăuți (reșed"
Mioveni,mioveni.html,182111,False,43,16,4,337,"Mioveni (cunoscut între 1964 și 1996 drept Colibași) este un oraș în județul Argeș, Muntenia, România, format din localitatea componentă Mioveni (reșe"
Mizil,mizil.html,171164,False,52,13,7,406,"Mizil (în trecut, și Iștău sau Eșteu) este un oraș în județul Prahova, Muntenia, România, format din localitățile componente Fefelei și Mizil (reședin"
Moinești,moinești.html,207365,False,34,11,6,352,"Moinești (în ebraică מוינשט, în maghiară Mojnest) este un municipiu în județul Bacău, Moldova, România, format din localitățile componente Găzărie și "
Moldova Nouă,moldova_nouă.html,169279,False,28,8,7,449,"Moldova Nouă (în maghiară Újmoldova, în cehă Nová Moldava, în germană Neumoldowa, în sârbă Nova Moldava sau Boșniak) este un oraș în județul Caraș-Sev"
Moreni,moreni.html,147370,False,40,14,5,278,"Moreni este un municipiu în județul Dâmbovița, Muntenia, România.[2]
Nume cu rezonanță în istoria petrolului românesc, important centru al industriei "
Motru,motru.html,111657,False,30,7,5,223,"Motru este un municipiu în județul Gorj, Oltenia, România, format din localitățile componente Dealu Pomilor, Horăști, Însurăței, Leurda, Motru (reședi"
Murfatlar,murfatlar.html,125235,False,28,9,5,238,"Murfatlar (între 1924-1965 și 1980-2007 Basarabi) este un oraș în județul Constanța, Dobrogea, România, format din localitatea componentă Murfatlar (r"
Murgeni,murgeni.html,118635,False,36,11,4,305,"Murgeni este un oraș în județul Vaslui, Moldova, România, format din localitățile componente Cârja, Floreni, Lățești, Murgeni (reședința), Raiu, Sărăț"
Măcin,măcin.html,194335,False,60,19,5,495,"Măcin (în turcă Maçin) este un oraș în județul Tulcea, Dobrogea, România.[2] Are o populație de 8.245 de locuitori.[3]"
Măgurele,măgurele.html,138099,False,32,10,4,278,"Măgurele este un oraș în județul Ilfov, Muntenia, România, format din localitățile componente Alunișu, Dumitrana, Măgurele (reședința), Pruni și Vârte"
Mărășești,mărășești.html,172437,False,43,15,7,390,"Mărășești este un oraș în județul Vrancea, Moldova, România, format din localitățile componente Mărășești (reședința), Siretu și Tișița, și din satele"
Negrești-Oaș,negrești-oaș.html,135357,False,34,9,6,259,"Negrești-Oaș (în maghiară Avasfelsőfalu) este un oraș în județul Satu Mare, Transilvania, România, format din localitățile componente Luna, Negrești-O"
Negrești,negrești.html,122702,False,24,8,4,253,"Negrești este un oraș în județul Vaslui, Moldova, România, format din localitatea componentă Negrești (reședința), și din satele Căzănești, Cioatele, "
Negru Vodă,negru_vodă.html,106509,False,29,10,3,177,"Negru Vodă, supranumit Radu Negru sau Radul Negrul Voievod, a fost, potrivit legendei, fondatorul și primul domn al Țării Românești.[2] Existența lui "
Nehoiu,nehoiu.html,157174,False,38,12,6,337,"Nehoiu este un oraș în județul Buzău, Muntenia, România, format din localitatea componentă Nehoiu (reședința), și din satele Bâsca Rozilei, Chirlești,"
Novaci,novaci.html,126351,False,25,11,4,239,"Novaci este un oraș în județul Gorj, Oltenia, România, format din localitatea componentă Novaci (reședința), și din satele Bercești, Hirișești, Pociov"
Nucet,nucet.html,154083,False,59,23,7,289,"Nucet (în maghiară Diófás, în germană Reesburg) este un oraș în județul Bihor, Crișana, România, format din localitățile componente Băița, Băița-Plai "
Nădlac,nădlac.html,186234,False,53,15,6,461,"Nădlac (în slovacă Nadlak, în maghiară Nagylak, în germană Nadlak, in sârbă Надлак) este un oraș în județul Arad, Crișana, România.[3]"
Năsăud,năsăud.html,219834,False,32,11,7,523,"Năsăud (în dialectul săsesc Nassndref, Nassendraf, Nosndref, Nâssendorf, Nâessndorf, în germană Nussdorf, Nussendorf, Nassendorf, maghiară Naszód) est"
Năvodari,năvodari.html,124243,False,31,9,5,241,"Năvodari (în trecut Caracoium, Carachioi, în turcă Kara Koyum, Karaköy) este un oraș în județul Constanța, Dobrogea, România, format din localitățile "
Ocna Mureș,ocna_mureș.html,223310,False,51,22,10,470,"Ocna Mureș, mai demult Uioara (în latină Salinae și Salinis[3], în maghiară Marosújvár, în germană Miereschhall),[4] este un oraș în județul Alba, Tra"
Ocna Sibiului,ocna_sibiului.html,406452,False,42,17,53,1260,"Ocna Sibiului (denumiri vechi Vizocna, Ocna-Sibiiului și Ocna, denumire în dialectul săsesc Salzbrich, Zâltsbriχ, în germană Salzburg și în maghiară V"
Ocnele Mari,ocnele_mari.html,171158,False,46,13,10,434,"Ocnele Mari este un oraș în județul Vâlcea, Oltenia, România, format din localitățile componente Buda, Cosota, Făcăi, Gura Suhașului (reședința), Lunc"
Odobești,odobești.html,161922,False,38,10,4,400,"Odobești este un oraș în județul Vrancea, Moldova, România, format din localitatea componentă Odobești (reședința), și din satul Unirea.[3] Are o popu"
Odorheiu Secuiesc,odorheiu_secuiesc.html,182013,False,33,12,5,372,"Odorheiu Secuiesc, colocvial Odorhei, (în maghiară Székelyudvarhely, în germană Oderhellen, alternativ Hofmarkt, în latină Areopolis) este un municipi"
Oltenița,oltenița.html,195698,False,32,11,7,494,"Oltenița este un municipiu în județul Călărași, Muntenia, România.[2] Are o populație de 22.624 locuitori (2021). Localitatea reprezintă al doilea cen"
Onești,onești.html,349328,False,79,51,6,824,"Onești (în maghiară Ónfalva sau Onyest, în trecut Gheorghe Gheorghiu-Dej) este un municipiu în județul Bacău, Moldova, România, format din localitățil"
Oradea,oradea.html,700671,False,199,67,23,2464,"Oradea, cunoscută în trecut ca Oradea Mare, (în maghiară Nagyvárad, în germană Großwardein, în slovacă Veľký Varadín, în latină Magnovaradinum) este m"
Oravița,oravița.html,191184,False,52,18,5,382,"Oravița (în română 1924: Oravița Montană, maghiară Oravicabánya, mai demult Németoravica, în germană Deutsch-Orawitz) este un oraș în județul Caraș-Se"
Orăștie,orăștie.html,255886,False,50,9,10,670,"Orăștie, mai demult Oroșteiu (în germană Broos, în maghiară Szászváros, în traducere „Orașul sașilor”, în latină Saxopolis) este un municipiu în județ"
Orșova,orșova.html,179204,False,69,12,9,474,"Orșova (în germană Orschowa, în maghiară Orsova, în sârbă Оршава) este un municipiu în județul Mehedinți, Banat, România.[3] Este situat pe malul lacu"
Otopeni,otopeni.html,145443,False,37,10,6,353,"Otopeni este un oraș în județul Ilfov, Muntenia, România, format din localitatea componentă Otopeni (reședința), și din satul Odăile.[5] Localitatea s"
Oțelu Roșu,oțelu_roșu.html,134178,False,29,10,6,236,"Oțelu Roșu, până în 1947 Ferdinand, (în maghiară Nándorhegy, în germană Ferdinandsberg) este un oraș în județul Caraș-Severin, Banat, România, format "
Panciu,panciu.html,157028,False,29,10,4,306,"Panciu este un oraș în județul Vrancea, Moldova, România, format din localitățile componente Crucea de Jos, Crucea de Sus, Dumbrava, Neicu, Panciu (re"
Pantelimon,pantelimon.html,192781,False,44,12,7,383,"Pantelimon este un oraș în județul Ilfov, Muntenia, România.[3] Localitatea se află pe malul stâng al râului Colentina, în vecinătatea estică a munici"
Pașcani,pașcani.html,182342,False,32,16,7,403,"Pașcani (ebraică: פשקן - Pashkan) este un municipiu în județul Iași, Moldova, România, format din localitățile componente Blăgești, Boșteni, Gâștești,"
Pecica,pecica.html,134457,False,39,13,5,323,"Pecica (pronunție în română [ˈpet͡ʃʲ.ka], „Pécica”; în maghiară Pécska, în germană Petschka, în sârbă Печка/Pečka) este un oraș în județul Arad, Crișa"
Petrila,petrila.html,130380,False,28,12,6,255,"Petrila este un oraș în județul Hunedoara, Transilvania, România, format din localitățile componente Cimpa, Jieț, Petrila (reședința), Răscoala și Tir"
Petroșani,petroșani.html,184852,False,73,23,7,403,"Petroșani (în maghiară Petrozsény, în germană Steinthal) este un municipiu în județul Hunedoara, Transilvania, România, format din localitățile compon"
Piatra-Olt,piatra-olt.html,106256,False,24,6,4,225,"Piatra-Olt este un oraș în județul Olt, Oltenia, România, format din localitatea componentă Piatra-Olt (reședința), și din satele Bistrița Nouă, Criva"
Piatra Neamț,piatra_neamț.html,1403,False,0,0,0,0,
Pitești,pitești.html,471931,True,98,40,15,1145,"Pitești este municipiul de reședință al județului Argeș, Muntenia, România.[1]
Se află în Podișul Getic; lângă Argeș; și la o altitudine de 289 m deas"
Ploiești,ploiești.html,349424,False,115,36,10,973,"Ploiești este municipiul de reședință al județului Prahova, Muntenia, România.[2]
Localitatea se află la 60 km nord de București, având coordonatele g"
Plopeni,plopeni.html,127542,False,28,8,5,260,"Plopeni (în trecut Mărgineanca și apoi Stejarul) este un oraș în județul Prahova, Muntenia, România.[3] Conform recensământului din anul 2011, Plopeni"
Podu Iloaiei,podu_iloaiei.html,121471,False,24,8,4,267,"Podu Iloaiei este un oraș în județul Iași, Moldova, România, format din localitățile componente Budăi și Podu Iloaiei (reședința), și din satele Cosiț"
Pogoanele,pogoanele.html,151690,False,48,18,4,293,"Pogoanele (în trecut și Țuguiatu-Pământeni) este un oraș în județul Buzău, Muntenia, România, format din localitățile componente Căldărăști și Pogoane"
Popești-Leordeni,popești-leordeni.html,128756,False,36,8,5,233,"Popești-Leordeni este un oraș în județul Ilfov, Muntenia, România.[5] Localitatea se află în vecinătatea sud-estică a municipiului București, la ieșir"
Potcoava,potcoava.html,115891,False,28,10,5,254,"Potcoava este un oraș în județul Olt, Muntenia, România, format din localitatea componentă Potcoava (reședința), și din satele Potcoava-Fălcoeni, Sine"
Predeal,predeal.html,192228,False,45,15,8,453,"Predeal (maghiară Predeál) este un oraș în județul Brașov, la limita între regiunile istorice Muntenia și Transilvania, România, format din localități"
Pucioasa,pucioasa.html,232842,False,50,19,14,488,"Pucioasa este un oraș în județul Dâmbovița, Muntenia, România, format din localitățile componente Bela, Diaconești, Glodeni, Malurile, Miculești, Puci"
Pâncota,pâncota.html,121641,False,32,10,6,217,"Pâncota (în maghiară Pankota, în germană Pankota) este un oraș în județul Arad, Crișana, România, format din localitatea componentă Pâncota (reședința"
Pătârlagele,pătârlagele.html,144833,False,36,10,6,378,"Pătârlagele (în trecut Pătârlagi)[4] este un oraș în județul Buzău, Muntenia, România, format din localitățile componente Mușcel, Pătârlagele (reședin"
Recaș,recaș.html,176968,False,69,16,10,478,"Recaș (în maghiară Temesrékas, în germană Rekasch, in sârbă Рекаш) este un oraș în județul Timiș, Banat, România, format din localitatea componentă Re"
Reghin,reghin.html,250783,False,45,20,7,700,"Reghin, mai demult Reghinul Săsesc, (în germană Sächsisch-Regen, de asemenea Sächsisch-Reen, în dialectul săsesc Reen, iar în maghiară Szászrégen sau "
Reșița,reșița.html,256321,False,57,24,13,618,"Reșița (în maghiară Resicabánya, în germană Reschitz, în cehă Rešice, in sârbă Решица, în croată Ričica[2][3]) este municipiul de reședință al județul"
Roman,roman.html,12643,False,2,8,2,50,"Termenul Roman sau roman, dar mai ales ca substantiv propriu, se poate referi la:"
Rovinari,rovinari.html,108642,False,31,9,4,211,"Rovinari este un oraș în județul Gorj, Oltenia, România, format din localitățile componente Rovinari (reședința) și Vârț.[3]"
Roznov,roznov.html,124971,False,28,11,3,261,"Roznov este un oraș în județul Neamț, Moldova, România, format din localitățile componente Chintinici, Roznov (reședința) și Slobozia.[2]"
Roșiorii De Vede,roșiorii_de_vede.html,1414,False,0,0,0,0,
Rupea,rupea.html,425168,False,21,18,52,1360,"Rupea, mai demult Cohalm (în dialectul săsesc Räppes, în germană Reps, în maghiară Kőhalom, în latină Ripa), este un oraș în județul Brașov, Transilva"
Râmnicu Sărat,râmnicu_sărat.html,187995,False,39,10,6,523,"Râmnicu Sărat este un municipiu în județul Buzău, Muntenia, România.[3] Are o populație de 33.843 de locuitori (potrivit recesământului din 2021). Afl"
Râmnicu Vâlcea,râmnicu_vâlcea.html,257860,False,83,23,10,799,"Râmnicu Vâlcea este municipiul de reședință al județului Vâlcea, Oltenia, România, format din localitățile componente Aranghel, Căzănești, Copăcelu, D"
Râșnov,râșnov.html,383528,False,46,15,49,1210,"Râșnov (în germană Rosenau, în maghiară Rozsnyó până în 1910 și apoi Barcarozsnyó) este un oraș în județul Brașov, Transilvania, România.[3] Este situ"
Răcari,răcari.html,155824,False,29,8,6,298,"Răcari este un oraș în județul Dâmbovița, Muntenia, România, format din localitățile componente Bălănești, Colacu, Ghergani, Ghimpați, Mavrodin, Răcar"
Rădăuți,rădăuți.html,277558,False,88,29,5,617,"Rădăuți (în germană Radautz, maghiară Radóc, idiș ראַדעװיץ adică Radevits, poloneză Radowce, ucraineană Радівці, transliterat: Radivți) este un munici"
Salcea,salcea.html,118951,False,29,12,4,282,"Salcea este un oraș în județul Suceava, Moldova, România, format din localitățile componente Mereni, Plopeni, Salcea (reședința) și Văratec, și din sa"
Salonta,salonta.html,163013,False,57,16,5,314,"Salonta (în maghiară Nagyszalonta, Szalonta, în germană Großsalontha) este un municipiu în județul Bihor, Crișana, România.[3] Se află în sud-vestul j"
Satu Mare,satu_mare.html,405750,False,72,27,10,1357,"Satu Mare (în maghiară Szatmárnémeti, colocvial Szatmár; în germană Sathmar; în ebraică și idiș סאטמאר, pronunțat Satmar, Satmer sau Sacmer; vechea de"
Scornicești,scornicești.html,144963,False,35,20,6,346,"Scornicești este un oraș în județul Olt, Muntenia, România, format din localitatea componentă Scornicești (reședința), și din satele Bălțați, Bircii, "
Sebeș,sebeș.html,261757,False,51,13,10,761,"Sebeș, mai demult Sebeșul Săsesc (în maghiară Szászsebes, în germană Mühlbach, în traducere Pârâul Morii), este un municipiu în județul Alba, Transilv"
Segarcea,segarcea.html,129647,False,43,13,5,248,"Segarcea este un oraș în județul Dolj, Oltenia, România.[3]"
Seini,seini.html,122880,False,31,11,4,223,"Seini (în germană Leuchtenburg; maghiară Szinérváralja) este un oraș în județul Maramureș, Transilvania, România, format din localitatea componentă Se"
Sfântu Gheorghe,sfântu_gheorghe.html,186931,False,47,20,7,471,"Sfântu Gheorghe (în maghiară Sepsiszentgyörgy sau Szentgyörgy, în germană Sankt Georgen) este municipiul de reședință al județului Covasna, Transilvan"
Sibiu,sibiu.html,553902,False,122,45,15,1550,"Sibiu (în germană Hermannstadt, în maghiară Nagyszeben) este municipiul de reședință al județului cu același nume, Transilvania, România, format din l"
Sighetu Marmației,sighetu_marmației.html,219451,False,38,22,5,479,"Sighetu Marmației (colocvial Sighet; în maghiară Máramarossziget, colocvial Sziget, în traducere Insula; în germană Marmaroschsiget, în ucraineană Сиг"
Sighișoara,sighișoara.html,337326,False,55,18,9,920,"Sighișoara (în dialectul săsesc Schäsbrich,[3] Šesburχ sau Scheeßprich,[4] în germană Schäßburg sau Schässburg, în trecut Schaäsburg sau Schespurg de "
Simeria,simeria.html,183653,False,47,15,7,411,"Simeria (în maghiară Piski) este un oraș în județul Hunedoara, Transilvania, România, format din localitatea componentă Simeria (reședința), și din sa"
Sinaia,sinaia.html,207015,False,41,13,10,575,"Sinaia este un oraș în județul Prahova, Muntenia, România.[6] Situat în Valea Prahovei, el s-a dezvoltat odată cu această regiune turistică și a fost "
Siret,siret.html,254415,False,91,19,6,668,"Siret (în germană Sereth, latină Civitas Sereth, în poloneză Seret, în maghiară Szeretvásár, în ucraineană Серет, în idiș סערעט) este un oraș în județ"
Slatina,slatina.html,1403,False,0,0,0,0,
Slobozia,slobozia.html,451407,False,123,83,16,1216,"Slobozia este municipiul de reședință al județului Ialomița, Muntenia, România, format din localitățile componente Bora, Slobozia (reședința) și Slobo"
Slănic,slănic.html,172250,False,32,9,11,383,"Slănic este un oraș în județul Prahova, Muntenia, România, format din localitățile componente Groșani, Prăjani și Slănic (reședința).[3] Conform recen"
Slănic Moldova,slănic_moldova.html,1405,False,0,0,0,0,
Solca,solca.html,191004,False,95,20,4,359,"Solca (în germană Solka, poloneză Solka, maghiară Szolka) este un oraș în județul Suceava, Bucovina, România.[3] La recensământul din anul 2011, local"
Sovata,sovata.html,271143,False,45,20,13,571,"Sovata (în maghiară Szováta, în germană Sowata) este un oraș în județul Mureș, Transilvania, România, format din localitățile componente Căpeți, Ilieș"
Strehaia,strehaia.html,115931,False,31,7,4,214,"Strehaia este un oraș în județul Mehedinți, Oltenia, România, format din localitățile componente Ciochiuța, Comanda, Hurducești, Lunca Banului, Slătin"
Suceava,suceava.html,736619,False,188,71,11,2055,"Suceava (în germană Sutschawa, Suczawa sau Sotschen, în germana veche sau medievală, i.e., Mittelhochdeutsch: Sedschopff) este municipiul de reședință"
Sulina,sulina.html,206038,False,31,13,9,586,"Sulina (în greacă Σουλινάς-Soulinás) este un oraș în județul Tulcea, Dobrogea, România.[2] Are o populație de 3.663 de locuitori. Sulina nu este legat"
Sângeorgiu De Pădure,sângeorgiu_de_pădure.html,178657,False,35,16,4,341,"Sângeorgiu de Pădure (în maghiară Erdőszentgyörgy, în germană Sankt Georgen auf der Heide) este un oraș în județul Mureș, Transilvania, România, forma"
Sângeorz-Băi,sângeorz-băi.html,205399,False,41,13,11,478,"Sângeorz-Băi, mai demult Sângiorgiul Român, Sângeorzul Român (în dialectul săsesc Gergn, Sänt-Jorich, Sänt-Gergn, Gergnâ, în germană Rumänisch-Sankt-G"
Sânnicolau Mare,sânnicolau_mare.html,263867,False,96,40,11,773,"Sânnicolau Mare (în germană Groß Sankt Nikolaus, Großsanktnikolaus, în maghiară Nagyszentmiklós, in sârbă Велики Семиклуш, în bulgara bănățeană Smiklu"
Sântana,sântana.html,113175,False,31,9,4,250,"Sântana (în germană Sanktanna, în maghiară Újszentanna) este un oraș în județul Arad, Crișana, România, format din localitățile componente Caporal Ale"
Săcele,săcele.html,201752,False,54,14,8,511,"Săcele (în maghiară Négyfalu, între 1950 și 2001 Szecseleváros, în germană Siebendörfer) este un municipiu în județul Brașov, Transilvania, România.[3"
Săcueni,săcueni.html,115999,False,24,8,4,250,"Săcueni, alternativ Săcuieni, mai demult Podul Săcuilor, (în maghiară Székelyhíd, în trad. ""Podul Secuilor"", în germană Zickelhaid, Zeckelheid, Zickel"
Săliște,săliște.html,168883,False,24,13,6,398,"Săliște (în dialectul săsesc Selischte, în germană Großdorf, Grossdorf, Langendorf, Langesdorf, în maghiară Szelistye) este un oraș în județul Sibiu, "
Săliștea De Sus,săliștea_de_sus.html,100737,False,22,10,4,211,"Săliștea de Sus (în maghiară Felsőszelistye, în germană Oberselischte) este un oraș în județul Maramureș, Transilvania, România.[3] Localitatea are o "
Sărmașu,sărmașu.html,221681,False,41,17,7,606,"Sărmașu (în maghiară Nagysármás) este un oraș în județul Mureș, Transilvania, România, format din localitățile componente Balda, Larga, Moruț, Sărmașu"
Săveni,săveni.html,121469,False,23,11,4,246,"Săveni este un oraș în județul Botoșani, Moldova, România, format din localitatea componentă Săveni (reședința), și din satele Bodeasa, Bozieni, Chișc"
Techirghiol,techirghiol.html,142899,False,24,7,9,300,"Techirghiol (sau Tekirghiol, turcă Tekirgöl, însemnând ""lacul barbunului"") este un oraș în județul Constanța, Dobrogea, România.[3] Are o populație de"
Tecuci,tecuci.html,176069,False,63,25,5,384,"Tecuci (pronunție: [teˈkut͡ʃʲ]) este un municipiu în județul Galați, Moldova, România.[2] Are o populație de 34.871 locuitori conform recensământului "
Teiuș,teiuș.html,141211,False,40,13,6,387,"Teiuș, mai demult Tiuș (în maghiară Tövis, în trad. „Spini“, în germană Dornstadt, Dornen, în trad. „Spini“, alternativ Dreikirchen, în trad. „Trei Bi"
Timișoara,timișoara.html,1883958,False,369,81,15,5821,
Tismana,tismana.html,195702,False,82,23,6,408,"Tismana este un oraș în județul Gorj, Oltenia, România, format din localitatea componentă Tismana (reședința), și din satele Celei, Costeni, Gornovița"
Titu,titu.html,162070,False,44,12,7,363,"Titu este un oraș în județul Dâmbovița, Muntenia, România, format din localitatea componentă Titu (reședința), și din satele Fusea, Hagioaica, Mereni,"
Toplița,toplița.html,176904,False,59,19,9,390,"Toplița (în maghiară Maroshévízⓘ) este un municipiu în județul Harghita, Transilvania, România, format din localitățile componente Călimănel, Luncani,"
Topoloveni,topoloveni.html,230240,False,104,16,5,427,"Topoloveni (în perioada interbelică, temporar Târgu Cârcinov) este un oraș în județul Argeș, Muntenia, România, format din localitatea componentă Topo"
Tulcea,tulcea.html,289774,False,62,20,12,892,"Tulcea (în turcă Tulça, Hora-Tepé, Tolçu, în greacă Αιγισσός-Aegyssus, în bulgară Тулица-Tulitsa, în rusă/ ucraineană Тулча-Tulcha) este municipiul de"
Turda,turda.html,391468,False,57,21,17,1220,"Turda (în latină Potaissa, în germană Thorenburg, în maghiară Torda) este un municipiu în județul Cluj, Transilvania, România.[3] Se situează la circa"
Turnu Măgurele,turnu_măgurele.html,277162,False,92,26,8,742,"Turnu Măgurele  (în turcă Kule, în bulgară Holavnik) este un municipiu în județul Teleorman, Muntenia, România.[2] Se află în sudul țării și în sud-ve"
Târgoviște,târgoviște.html,312825,False,138,37,9,732,"Târgoviște este municipiul de reședință al județului Dâmbovița, Muntenia, România, format din localitățile componente Priseaca și Târgoviște (reședinț"
Târgu Bujor,târgu_bujor.html,105345,False,22,8,4,173,"Târgu Bujor este un oraș în județul Galați, Moldova, România, format din localitatea componentă Târgu Bujor (reședința), și din satele Moscu și Umbrăr"
Târgu Cărbunești,târgu_cărbunești.html,128014,False,26,7,4,250,"Târgu Cărbunești este un oraș în județul Gorj, Oltenia, România, format din localitatea componentă Târgu Cărbunești (reședința), și din satele Blahniț"
Târgu Frumos,târgu_frumos.html,139619,False,32,11,4,282,"Târgu Frumos este un oraș în județul Iași, Moldova, România.[3] Se află în Câmpia Jijiei, lângă Bahluieț. Are o suprafață de 15,13 km². Populația este"
Târgu Jiu,târgu_jiu.html,241763,False,58,19,9,646,"Târgu Jiu este municipiul de reședință al județului Gorj, Oltenia, România, format din localitățile componente Bârsești, Drăgoieni, Iezureni, Polata, "
Târgu Lăpuș,târgu_lăpuș.html,154975,False,30,13,4,284,"Târgu Lăpuș, cunoscut în regiune și sub numele vechi, Lăpușu Unguresc, (în maghiară Magyarlápos, în germană Laposch) este un oraș în județul Maramureș"
Târgu Mureș,târgu_mureș.html,1096444,False,215,54,15,2957,"Târgu Mureș, (română: [ˈtɨrɡu ˈmureʃ] ⓘ) cunoscut și sub denumirile de Mureș-Oșorhei, Oșorheiu, Târgul Mureșului (în maghiară Marosvásárhelyⓘ, mai dem"
Târgu Neamț,târgu_neamț.html,258293,False,78,48,9,633,"Târgu Neamț (germană Niamtz, în ebraică și idiș טרגו ניאמץ, în maghiară Németvásár, în latină Ante Castrum Nempch) este un oraș în județul Neamț, Mold"
Târgu Ocna,târgu_ocna.html,209917,False,56,16,9,532,"Târgu Ocna (în maghiară Aknavásár, în germană Stadt Okna) este un oraș în județul Bacău, Moldova, România, format din localitățile componente Poieni, "
Târgu Secuiesc,târgu_secuiesc.html,182503,False,61,19,7,297,"Târgu Secuiesc (până în anul 1920 în română Chezdi-Oșorheiu; în maghiară Kézdivásárhely, în germană Szekler Neumarkt) este un municipiu în județul Cov"
Târnăveni,târnăveni.html,210512,False,51,22,4,494,"Târnăveni, mai demult Târnava-Sân-Martin, până în 3 mai 1941 Diciosânmartin, (în maghiară Dicsőszentmárton, Szentmárton, Dicső, în germană Sankt Marti"
Tălmaciu,tălmaciu.html,372203,False,40,17,48,1285,"Tălmaciu (în dialectul săsesc Talmesch, germană Talmesch, Tolmisch, Gross Talmatsch, maghiară Nagy-Talmács, Nagytalmács, Talmács) este un oraș în jude"
Tăuții-Măgherăuș,tăuții-măgherăuș.html,112674,False,30,12,4,229,"Tăuții-Măgherăuș (în maghiară Miszmogyorós) este un oraș în județul Maramureș, Transilvania, România, format din localitățile componente Băița, Bușag,"
Tășnad,tășnad.html,134428,False,46,21,5,234,"Tășnad (în maghiară Tasnád, în germană Trestenburg) este un oraș în județul Satu Mare, Transilvania, România, format din localitatea componentă Tășnad"
Ulmeni,ulmeni.html,109236,False,31,11,3,224,"Ulmeni, mai demult Șilimeghiu, (în maghiară Sülelmed, în germană Ulmendorf) este un oraș în județul Maramureș, Transilvania, România, format din local"
Ungheni,ungheni.html,305126,False,101,42,11,711,"Ungheni este un oraș cu statut de municipiu din partea central-vestică a Republicii Moldova, reședință a raionului omonim. Localitatea este situată pe"
Uricani,uricani.html,137629,False,45,9,6,300,"Uricani (maghiară: Urikány sau Hobicaurikány) este un oraș în județul Hunedoara, Transilvania, România, format din localitățile componente Câmpu lui N"
Urlați,urlați.html,179763,False,57,14,7,422,"Urlați este un oraș în județul Prahova, Muntenia, România, format din localitățile componente Arioneștii Noi, Arioneștii Vechi, Cherba, Jercălăi, Măru"
Urziceni,urziceni.html,159273,False,48,13,6,305,"Urziceni este un municipiu în județul Ialomița, Muntenia, România.[3] Are o populație de aproximativ 18.000 de locuitori. Este un oraș de mărime mijlo"
Valea Lui Mihai,valea_lui_mihai.html,129320,False,40,12,4,248,"Valea lui Mihai (mai demult Mihaifalău, în maghiară Érmihályfalva, Nagymihályfalva, Mihályfalva) este un oraș în județul Bihor, Crișana, România.[2]"
Vaslui,vaslui.html,364559,False,123,36,15,746,"Vaslui este municipiul de reședință al județului cu același nume, Moldova, România, format din localitățile componente Bahnari, Brodoc, Moara Grecilor"
Vatra Dornei,vatra_dornei.html,303944,False,90,21,11,727,"Vatra Dornei (în germană Dorna Watra sau Dorna-Watra, în maghiară Dornavátra) este un municipiu în județul Suceava, Bucovina, România, format din loca"
Vașcău,vașcău.html,158589,False,92,22,6,324,"Vașcău (până în secolul XIX - Craiva, după 1850 - Vaskohó, din vas „fier” și kohó „furnal” în maghiară și Eisenstein în germană ) este un oraș în jude"
Vicovu De Sus,vicovu_de_sus.html,208372,False,79,22,6,416,"Vicovu de Sus (în germană Ober Wikow) este un oraș în județul Suceava, Bucovina, România, format din localitățile componente Bivolărie și Vicovu de Su"
Victoria,victoria.html,19542,False,1,9,1,98,"Victoria (din limba latină, victoria), prenume feminin cu onomastica la 12 martie, se poate referi la:"
Videle,videle.html,102715,False,21,3,4,189,"Videle este un oraș în județul Teleorman, Muntenia, România, format din localitatea componentă Videle (reședința), și din satul Coșoaia.[2] A fost înf"
Vișeu De Sus,vișeu_de_sus.html,230911,False,94,38,5,528,"Vișeu de Sus, sau Vișeul de Sus (în germană Oberwischau, în maghiară Felsővisó, în ebraică אויברווישווה) este un oraș în județul Maramureș, Transilvan"
Vlăhița,vlăhița.html,115631,False,28,9,4,207,"Vlăhița (în maghiară Szentegyháza, colocvial Oláhfalu) este un oraș în județul Harghita, Transilvania, România, format din localitățile componente Băi"
Voluntari,voluntari.html,147740,False,82,12,6,331,"Voluntari (în trecut Cetatea Voluntărească) este un oraș în județul Ilfov, Muntenia, România.[4] Localitatea se află în vecinătatea nord-estică a muni"
Vulcan,vulcan.html,85748,False,14,7,5,327,Vulcanul este formațiunea geologică de formă conică formată din acumularea materialelor rezultate din erupția magmei dintr-un focar situat la adâncime
Vânju Mare,vânju_mare.html,114909,False,45,9,4,219,"Vânju Mare (scris și Vînju Mare) este un oraș în județul Mehedinți, Oltenia, România, format din localitatea componentă Vânju Mare (reședința), și din"
Vălenii De Munte,vălenii_de_munte.html,216056,False,64,33,8,458,"Vălenii de Munte este un oraș în județul Prahova, Muntenia, România.[3] La recensământul din 2011 avea 12.257 locuitori.[4] Se află în Depresiunea Văl"
Zalău,zalău.html,425947,False,109,29,10,836,"Zalău (original și colocvial Zălau;[2] în maghiară Zilah, în germană Zillenmarkt sau Waltenberg)[3] este municipiul de reședință al județului Sălaj, T"
Zimnicea,zimnicea.html,254186,False,84,22,10,610,"Zimnicea este un oraș în județul Teleorman, Muntenia, România.[3] Se află în punctul cel mai sudic al țării, la 42 km de reședința județului, Alexandr"
Zlatna,zlatna.html,147534,False,35,13,5,385,"Zlatna, mai demult Zlacna, Zlagna (în maghiară Zalatna, Kisbánya, în germană Klein Schlatten, Klein-Schlatten, Goldmarkt, în traducere ""Târgul de aur"""
Zărnești,zărnești.html,265885,False,60,18,6,467,"Zărnești, mai demult Zernești, Zârnești (în dialectul săsesc Särnescht, în germană Zernescht, Zernen, în maghiară Zernest, Zernyest) este un oraș în j"
Însurăței,însurăței.html,134662,False,29,10,5,243,"Însurăței (în trecut și Pârdăleni) este un oraș în județul Brăila, Muntenia, România, format din localitatea componentă Însurăței (reședința), și din "
Întorsura Buzăului,întorsura_buzăului.html,119178,False,29,8,5,251,"Întorsura Buzăului (în maghiară Bodzaforduló) este un oraș în județul Covasna, Transilvania, România, format din localitatea componentă Întorsura Buză"
Șimleu Silvaniei,șimleu_silvaniei.html,255994,False,26,14,6,710,"Șimleu Silvaniei (în maghiară Szilágysomlyó, în traducere Șimleu Sălajului, în germană Schomlenmarkt, în idiș שאמלויא, Shamloya) este un oraș în județ"
Șomcuta Mare,șomcuta_mare.html,110600,False,33,11,5,235,"Șomcuta Mare (în maghiară Nagysomkút, colocvial Somkút, în trad. Fântâna Cornului, în germană Großhorn, în trad. Cornu Mare) este un oraș în județul M"
Ștefănești,ștefănești.html,9093,False,1,1,1,41,Ștefănești se poate referi la una din următoarele localități
Ștei,ștei.html,132020,False,33,15,4,237,"Ștei (în maghiară Stej; cunoscut ca Dr. Petru Groza între 1958 și 1996) este un oraș în județul Bihor, Crișana, România.[4]"
Țicleni,țicleni.html,101214,False,25,5,4,173,"Țicleni este un oraș în județul Gorj, Oltenia, România.[3]"
Țăndărei,țăndărei.html,140810,False,65,25,7,248,"Țăndărei este un oraș în județul Ialomița, Muntenia, România.[2] Localitatea reprezintă al patrulea centru urban ca mărime și importanță al județului "
